file_id,relative_path,file_name,ext,size_mb,last_modified,type_guess,forno_guess,variable_guess,n_cols,has_timestamp,timestamp_column,encoding_used,notes
20c2f8fa62,dados_iniciais/Corridas/2019_F2_Corrida.csv,2019_F2_Corrida.csv,.csv,0.541,2025-04-30T10:36:54,csv,,Corrida,34,yes,Data_Base,utf-8,
6a4d7a81a0,dados_iniciais/Corridas/2025_F3_Corrida.csv,2025_F3_Corrida.csv,.csv,0.209,2025-04-30T10:40:00,csv,,Corrida,34,yes,Data_Base,utf-8,
5a4f92dc42,dados_iniciais/Corridas/2022_F5_Corrida.csv,2022_F5_Corrida.csv,.csv,0.858,2025-04-30T10:38:50,csv,,Corrida,34,yes,Data_Base,utf-8,
a5dea5a03f,dados_iniciais/Corridas/2025_F5_Corrida.csv,2025_F5_Corrida.csv,.csv,0.272,2025-04-30T10:40:12,csv,,Corrida,34,yes,Data_Base,utf-8,
78080532a9,dados_iniciais/Corridas/2025_F4_Corrida.csv,2025_F4_Corrida.csv,.csv,0.262,2025-04-30T10:40:06,csv,,Corrida,34,yes,Data_Base,utf-8,
9e723cd67d,dados_iniciais/Corridas/2022_F4_Corrida.csv,2022_F4_Corrida.csv,.csv,0.786,2025-04-30T10:38:42,csv,,Corrida,34,yes,Data_Base,utf-8,
08ab9898bb,dados_iniciais/Corridas/2020_F3_Corrida.csv,2020_F3_Corrida.csv,.csv,0.568,2025-04-30T10:37:32,csv,,Corrida,34,yes,Data_Base,utf-8,
70e0243aef,dados_iniciais/Corridas/2021_F4_Corrida.csv,2021_F4_Corrida.csv,.csv,0.889,2025-04-30T10:38:10,csv,,Corrida,34,yes,Data_Base,utf-8,
0320e0676a,dados_iniciais/Corridas/2021_F5_Corrida.csv,2021_F5_Corrida.csv,.csv,0.887,2025-04-30T10:38:18,csv,,Corrida,34,yes,Data_Base,utf-8,
7c12a3e34e,dados_iniciais/Corridas/2022_F3_Corrida.csv,2022_F3_Corrida.csv,.csv,0.564,2025-04-30T10:38:36,csv,,Corrida,34,yes,Data_Base,utf-8,
a6cf492925,dados_iniciais/Corridas/2024_F5_Corrida.csv,2024_F5_Corrida.csv,.csv,0.874,2025-04-30T10:39:44,csv,,Corrida,34,yes,Data_Base,utf-8,
395ba2084b,dados_iniciais/Corridas/2023_F4_Corrida.csv,2023_F4_Corrida.csv,.csv,0.89,2025-04-30T10:39:10,csv,,Corrida,34,yes,Data_Base,utf-8,
550cdc1b31,dados_iniciais/Corridas/2025_F2_Corrida.csv,2025_F2_Corrida.csv,.csv,0.204,2025-04-30T10:39:56,csv,,Corrida,34,yes,Data_Base,utf-8,
7eddc38583,dados_iniciais/Corridas/2020_F2_Corrida.csv,2020_F2_Corrida.csv,.csv,0.586,2025-04-30T10:37:26,csv,,Corrida,34,yes,Data_Base,utf-8,
579f73f3fb,dados_iniciais/Corridas/2018_F1_Corrida.csv,2018_F1_Corrida.csv,.csv,0.603,2025-04-30T10:36:16,csv,,Corrida,34,yes,Data_Base,utf-8,
9615f5bef8,dados_iniciais/Corridas/2019_F1_Corrida.csv,2019_F1_Corrida.csv,.csv,0.586,2025-04-30T10:36:46,csv,,Corrida,34,yes,Data_Base,utf-8,
763d50d43c,dados_iniciais/Corridas/2019_F3_Corrida.csv,2019_F3_Corrida.csv,.csv,0.453,2025-04-30T10:37:00,csv,,Corrida,34,yes,Data_Base,utf-8,
134e5fcc8d,dados_iniciais/Corridas/2023_F2_Corrida.csv,2023_F2_Corrida.csv,.csv,0.644,2025-04-30T10:39:00,csv,,Corrida,35,yes,Data_Base,utf-8,
2248937209,dados_iniciais/Corridas/2023_F1_Corrida.csv,2023_F1_Corrida.csv,.csv,0.643,2025-04-30T10:38:54,csv,,Corrida,34,yes,Data_Base,utf-8,
6d2e777e7b,dados_iniciais/Corridas/2019_F4_Corrida.csv,2019_F4_Corrida.csv,.csv,0.611,2025-04-30T10:37:08,csv,,Corrida,34,yes,Data_Base,utf-8,
d7be3a746c,dados_iniciais/Corridas/2019_F5_Corrida.csv,2019_F5_Corrida.csv,.csv,0.599,2025-04-30T10:37:14,csv,,Corrida,34,yes,Data_Base,utf-8,
79189e912a,dados_iniciais/Corridas/2025_F1_Corrida.csv,2025_F1_Corrida.csv,.csv,0.192,2025-04-30T10:39:50,csv,,Corrida,34,yes,Data_Base,utf-8,
e93970a0bb,dados_iniciais/Corridas/2024_F4_Corrida.csv,2024_F4_Corrida.csv,.csv,0.889,2025-04-30T10:39:40,csv,,Corrida,34,yes,Data_Base,utf-8,
1e110ae1d6,dados_iniciais/Corridas/2024_F3_Corrida.csv,2024_F3_Corrida.csv,.csv,0.39,2025-04-30T10:39:34,csv,,Corrida,34,yes,Data_Base,utf-8,
a31613dbc3,dados_iniciais/Corridas/2018_F4_Corrida.csv,2018_F4_Corrida.csv,.csv,0.661,2025-04-30T10:36:32,csv,,Corrida,34,yes,Data_Base,utf-8,
0baf255926,dados_iniciais/Corridas/2018_F3_Corrida.csv,2018_F3_Corrida.csv,.csv,0.546,2025-04-30T10:36:28,csv,,Corrida,34,yes,Data_Base,utf-8,
0d6859377a,dados_iniciais/Corridas/2018_F5_Corrida.csv,2018_F5_Corrida.csv,.csv,0.652,2025-04-30T10:36:38,csv,,Corrida,34,yes,Data_Base,utf-8,
55ad26a1cb,dados_iniciais/Corridas/2020_F1_Corrida.csv,2020_F1_Corrida.csv,.csv,0.609,2025-04-30T10:37:20,csv,,Corrida,34,yes,Data_Base,utf-8,
44a36a82a2,dados_iniciais/Corridas/2020_F5_Corrida.csv,2020_F5_Corrida.csv,.csv,0.785,2025-04-30T10:37:44,csv,,Corrida,34,yes,Data_Base,utf-8,
2b5d390d6b,dados_iniciais/Corridas/2023_F5_Corrida.csv,2023_F5_Corrida.csv,.csv,0.905,2025-04-30T10:39:18,csv,,Corrida,34,yes,Data_Base,utf-8,
5ac4507301,dados_iniciais/Corridas/2023_F3_Corrida.csv,2023_F3_Corrida.csv,.csv,0.431,2025-04-30T10:39:06,csv,,Corrida,34,yes,Data_Base,utf-8,
2d109d615a,dados_iniciais/Corridas/2018_F2_Corrida.csv,2018_F2_Corrida.csv,.csv,0.648,2025-04-30T10:36:22,csv,,Corrida,34,yes,Data_Base,utf-8,
2e8b51250b,dados_iniciais/Corridas/2022_F2_Corrida.csv,2022_F2_Corrida.csv,.csv,0.655,2025-04-30T10:38:30,csv,,Corrida,35,yes,Data_Base,utf-8,
9e8b15a64e,dados_iniciais/Corridas/2021_F1_Corrida.csv,2021_F1_Corrida.csv,.csv,0.654,2025-04-30T10:37:52,csv,,Corrida,34,yes,Data_Base,utf-8,
e32e68752f,dados_iniciais/Corridas/2021_F3_Corrida.csv,2021_F3_Corrida.csv,.csv,0.667,2025-04-30T10:38:04,csv,,Corrida,34,yes,Data_Base,utf-8,
14a50928bc,dados_iniciais/Corridas/2024_F1_Corrida.csv,2024_F1_Corrida.csv,.csv,0.554,2025-04-30T10:39:24,csv,,Corrida,34,yes,Data_Base,utf-8,
8d5cb18456,dados_iniciais/Corridas/2022_F1_Corrida.csv,2022_F1_Corrida.csv,.csv,0.672,2025-04-30T10:38:24,csv,,Corrida,34,yes,Data_Base,utf-8,
25f1e70e4c,dados_iniciais/Corridas/2024_F2_Corrida.csv,2024_F2_Corrida.csv,.csv,0.633,2025-04-30T10:39:28,csv,,Corrida,34,yes,Data_Base,utf-8,
df01a1c2f2,dados_iniciais/Corridas/2020_F4_Corrida.csv,2020_F4_Corrida.csv,.csv,0.742,2025-04-30T10:37:36,csv,,Corrida,34,yes,Data_Base,utf-8,
7026460c2d,dados_iniciais/Corridas/2021_F2_Corrida.csv,2021_F2_Corrida.csv,.csv,0.654,2025-04-30T10:37:58,csv,,Corrida,35,yes,Data_Base,utf-8,
83e1782ab4,dados_iniciais/Consumo Fornos/2022_F2_Consumo.csv,2022_F2_Consumo.csv,.csv,26.68,2025-04-29T19:27:58,csv,,Consumo,26,yes,Data,latin1,
5f7d2c47c4,dados_iniciais/Consumo Fornos/2024_F3_Consumo.csv,2024_F3_Consumo.csv,.csv,27.153,2025-04-29T19:30:30,csv,,Consumo,28,yes,Data,latin1,
8d3f9277a8,dados_iniciais/Consumo Fornos/2025_F4_Consumo.csv,2025_F4_Consumo.csv,.csv,24.683,2025-04-29T19:31:50,csv,,Consumo,27,yes,Data,latin1,
67cbf84517,dados_iniciais/Consumo Fornos/2019_F2_Consumo.csv,2019_F2_Consumo.csv,.csv,27.429,2025-04-29T19:24:02,csv,,Consumo,26,yes,Data,latin1,
1f13c11fd4,dados_iniciais/Consumo Fornos/2021_F2_Consumo.csv,2021_F2_Consumo.csv,.csv,28.123,2025-04-29T19:26:34,csv,,Consumo,27,yes,Data,latin1,
af0488286c,dados_iniciais/Consumo Fornos/2024_F5_Consumo.csv,2024_F5_Consumo.csv,.csv,24.513,2025-04-29T19:31:00,csv,,Consumo,26,yes,Data,latin1,
d96264463d,dados_iniciais/Consumo Fornos/2022_F4_Consumo.csv,2022_F4_Consumo.csv,.csv,26.683,2025-04-29T19:28:24,csv,,Consumo,26,yes,Data,latin1,
982de3075e,dados_iniciais/Consumo Fornos/2019_F5_Consumo.csv,2019_F5_Consumo.csv,.csv,28.821,2025-04-29T19:24:48,csv,,Consumo,27,yes,Data,latin1,
0b766054fd,dados_iniciais/Consumo Fornos/2020_F2_Consumo.csv,2020_F2_Consumo.csv,.csv,27.828,2025-04-29T19:25:18,csv,,Consumo,27,yes,Data,latin1,
2f66e15ec4,dados_iniciais/Consumo Fornos/2022_F3_Consumo.csv,2022_F3_Consumo.csv,.csv,28.51,2025-04-29T19:28:10,csv,,Consumo,28,yes,Data,latin1,
da027052c4,dados_iniciais/Consumo Fornos/2022_F1_Consumo.csv,2022_F1_Consumo.csv,.csv,27.769,2025-04-29T19:27:40,csv,,Consumo,27,yes,Data,latin1,
b5933c5d2c,dados_iniciais/Consumo Fornos/2018_F2_Consumo.csv,2018_F2_Consumo.csv,.csv,27.609,2025-04-29T19:22:50,csv,,Consumo,26,yes,Data,latin1,
88b76c6ff1,dados_iniciais/Consumo Fornos/2020_F3_Consumo.csv,2020_F3_Consumo.csv,.csv,28.117,2025-04-29T19:25:38,csv,,Consumo,27,yes,Data,latin1,
cd8739b93f,dados_iniciais/Consumo Fornos/2023_F1_Consumo.csv,2023_F1_Consumo.csv,.csv,26.809,2025-04-29T19:28:52,csv,,Consumo,27,yes,Data,latin1,
c3d574a0b1,dados_iniciais/Consumo Fornos/2019_F4_Consumo.csv,2019_F4_Consumo.csv,.csv,27.92,2025-04-29T19:24:32,csv,,Consumo,26,yes,Data,latin1,
dccc906e5e,dados_iniciais/Consumo Fornos/2024_F4_Consumo.csv,2024_F4_Consumo.csv,.csv,24.585,2025-04-29T19:30:46,csv,,Consumo,26,yes,Data,latin1,
245f819698,dados_iniciais/Consumo Fornos/2020_F5_Consumo.csv,2020_F5_Consumo.csv,.csv,27.828,2025-04-29T19:26:06,csv,,Consumo,26,yes,Data,latin1,
8099e5ff25,dados_iniciais/Consumo Fornos/2022_F5_Consumo.csv,2022_F5_Consumo.csv,.csv,26.812,2025-04-29T19:28:36,csv,,Consumo,26,yes,Data,latin1,
d8486f6a33,dados_iniciais/Consumo Fornos/2023_F3_Consumo.csv,2023_F3_Consumo.csv,.csv,27.834,2025-04-29T19:29:18,csv,,Consumo,28,yes,Data,latin1,
9bfbba0187,dados_iniciais/Consumo Fornos/2021_F4_Consumo.csv,2021_F4_Consumo.csv,.csv,27.607,2025-04-29T19:27:04,csv,,Consumo,26,yes,Data,latin1,
119feed6a4,dados_iniciais/Consumo Fornos/2025_F5_Consumo.csv,2025_F5_Consumo.csv,.csv,24.693,2025-04-29T19:32:08,csv,,Consumo,27,yes,Data,latin1,
56b069de85,dados_iniciais/Consumo Fornos/2023_F2_Consumo.csv,2023_F2_Consumo.csv,.csv,26.456,2025-04-29T19:29:04,csv,,Consumo,26,yes,Data,latin1,
956202b19f,dados_iniciais/Consumo Fornos/2024_F1_Consumo.csv,2024_F1_Consumo.csv,.csv,25.891,2025-04-29T19:30:04,csv,,Consumo,27,yes,Data,latin1,
8b35f541e2,dados_iniciais/Consumo Fornos/2021_F3_Consumo.csv,2021_F3_Consumo.csv,.csv,29.012,2025-04-29T19:26:48,csv,,Consumo,28,yes,Data,latin1,
c7040a1330,dados_iniciais/Consumo Fornos/2025_F1_Consumo.csv,2025_F1_Consumo.csv,.csv,24.654,2025-04-29T19:31:12,csv,,Consumo,27,yes,Data,latin1,
70b5a85fe3,dados_iniciais/Consumo Fornos/2020_F4_Consumo.csv,2020_F4_Consumo.csv,.csv,43.294,2025-04-29T19:25:52,csv,,Consumo,42,yes,Data,latin1,
5ea074082a,dados_iniciais/Consumo Fornos/2024_F2_Consumo.csv,2024_F2_Consumo.csv,.csv,25.775,2025-04-29T19:30:18,csv,,Consumo,26,yes,Data,latin1,
7e563a73be,dados_iniciais/Consumo Fornos/2025_F3_Consumo.csv,2025_F3_Consumo.csv,.csv,24.642,2025-04-29T19:31:34,csv,,Consumo,27,yes,Data,latin1,
e02d440f1f,dados_iniciais/Consumo Fornos/2023_F4_Consumo.csv,2023_F4_Consumo.csv,.csv,25.823,2025-04-29T19:29:30,csv,,Consumo,26,yes,Data,latin1,
13efe60852,dados_iniciais/Consumo Fornos/2020_F1_Consumo.csv,2020_F1_Consumo.csv,.csv,27.452,2025-04-29T19:25:02,csv,,Consumo,26,yes,Data,latin1,
a3a56542af,dados_iniciais/Consumo Fornos/2023_F5_Consumo.csv,2023_F5_Consumo.csv,.csv,25.642,2025-04-29T19:29:50,csv,,Consumo,26,yes,Data,latin1,
82ca3802bc,dados_iniciais/Consumo Fornos/2021_F5_Consumo.csv,2021_F5_Consumo.csv,.csv,27.69,2025-04-29T19:27:18,csv,,Consumo,26,yes,Data,latin1,
c3daf97068,dados_iniciais/Consumo Fornos/2018_F4_Consumo.csv,2018_F4_Consumo.csv,.csv,29.074,2025-04-29T19:23:16,csv,,Consumo,27,yes,Data,latin1,
63678a6346,dados_iniciais/Consumo Fornos/2019_F3_Consumo.csv,2019_F3_Consumo.csv,.csv,27.034,2025-04-29T19:24:18,csv,,Consumo,26,yes,Data,latin1,
7a54aba780,dados_iniciais/Consumo Fornos/2018_F5_Consumo.csv,2018_F5_Consumo.csv,.csv,28.039,2025-04-29T19:23:30,csv,,Consumo,26,yes,Data,latin1,
2e7aef8c9e,dados_iniciais/Consumo Fornos/2019_F1_Consumo.csv,2019_F1_Consumo.csv,.csv,40.594,2025-04-29T19:23:46,csv,,Consumo,42,yes,Data,latin1,
0a00e20d04,dados_iniciais/Consumo Fornos/2018_F3_Consumo.csv,2018_F3_Consumo.csv,.csv,28.249,2025-04-29T19:23:02,csv,,Consumo,27,yes,Data,latin1,
f9e327099f,dados_iniciais/Consumo Fornos/2021_F1_Consumo.csv,2021_F1_Consumo.csv,.csv,28.248,2025-04-29T19:26:22,csv,,Consumo,27,yes,Data,latin1,
35ebdac890,dados_iniciais/Consumo Fornos/2025_F2_Consumo.csv,2025_F2_Consumo.csv,.csv,24.667,2025-04-29T19:31:24,csv,,Consumo,27,yes,Data,latin1,
e8dc80f47e,dados_iniciais/Informações Diária/2024_F5_Inf.Diario.csv,2024_F5_Inf.Diario.csv,.csv,0.086,2025-04-30T10:48:24,csv,,F5_Supervisorio,52,yes,Data_base,utf-8,
1e30f0bad5,dados_iniciais/Informações Diária/2019_F2_Inf.Diario.csv,2019_F2_Inf.Diario.csv,.csv,0.085,2025-04-30T10:45:52,csv,,,45,yes,Data_base,utf-8,
3bb132f117,dados_iniciais/Informações Diária/2021_F4_Inf.Diario.csv,2021_F4_Inf.Diario.csv,.csv,0.085,2025-04-30T10:46:56,csv,,F4_Supervisorio,45,yes,Data_base,utf-8,
676886d8b8,dados_iniciais/Informações Diária/2018_F4_Inf.Diario.csv,2018_F4_Inf.Diario.csv,.csv,0.345,2025-04-30T10:45:36,csv,,F4_Supervisorio,45,yes,Data_base,utf-8,
bf2b0b04b1,dados_iniciais/Informações Diária/2025_F3_Inf.Diario.csv,2025_F3_Inf.Diario.csv,.csv,0.029,2025-04-30T10:48:40,csv,,,45,yes,Data_base,utf-8,
4753674b05,dados_iniciais/Informações Diária/2021_F5_Inf.Diario.csv,2021_F5_Inf.Diario.csv,.csv,0.086,2025-04-30T10:47:02,csv,,F5_Supervisorio,45,yes,Data_base,utf-8,
74b7db5eca,dados_iniciais/Informações Diária/2021_F3_Inf.Diario.csv,2021_F3_Inf.Diario.csv,.csv,0.09,2025-04-30T10:46:50,csv,,,44,yes,Data_base,utf-8,
e12ead4c4a,dados_iniciais/Informações Diária/2021_F2_Inf.Diario.csv,2021_F2_Inf.Diario.csv,.csv,0.083,2025-04-30T10:46:44,csv,,,45,yes,Data_base,utf-8,
067eceb694,dados_iniciais/Informações Diária/2019_F1_Inf.Diario.csv,2019_F1_Inf.Diario.csv,.csv,0.084,2025-04-30T10:45:48,csv,,,45,yes,Data_base,utf-8,
53fc51c42c,dados_iniciais/Informações Diária/2022_F1_Inf.Diario.csv,2022_F1_Inf.Diario.csv,.csv,0.083,2025-04-30T10:47:06,csv,,,45,yes,Data_base,utf-8,
f6ad7cc814,dados_iniciais/Informações Diária/2025_F1_Inf.Diario.csv,2025_F1_Inf.Diario.csv,.csv,0.026,2025-04-30T10:48:30,csv,,,45,yes,Data_base,utf-8,
4526a1fe26,dados_iniciais/Informações Diária/2018_F1_Inf.Diario.csv,2018_F1_Inf.Diario.csv,.csv,0.088,2025-04-30T10:45:22,csv,,,52,yes,Data_base,utf-8,
a770248604,dados_iniciais/Informações Diária/2021_F1_Inf.Diario.csv,2021_F1_Inf.Diario.csv,.csv,0.084,2025-04-30T10:46:40,csv,,,51,yes,Data_base,utf-8,
ad3950f22c,dados_iniciais/Informações Diária/2020_F2_Inf.Diario.csv,2020_F2_Inf.Diario.csv,.csv,0.082,2025-04-30T10:46:20,csv,,,45,yes,Data_base,utf-8,
6101f333ad,dados_iniciais/Informações Diária/2024_F3_Inf.Diario.csv,2024_F3_Inf.Diario.csv,.csv,0.058,2025-04-30T10:48:12,csv,,,52,yes,Data_base,utf-8,
2ca335970f,dados_iniciais/Informações Diária/2019_F4_Inf.Diario.csv,2019_F4_Inf.Diario.csv,.csv,0.078,2025-04-30T10:46:02,csv,,F4_Supervisorio,45,yes,Data_base,utf-8,
624260e63c,dados_iniciais/Informações Diária/2018_F3_Inf.Diario.csv,2018_F3_Inf.Diario.csv,.csv,0.09,2025-04-30T10:45:30,csv,,,45,yes,Data_base,utf-8,
58d0c1d936,dados_iniciais/Informações Diária/2020_F1_Inf.Diario.csv,2020_F1_Inf.Diario.csv,.csv,0.081,2025-04-30T10:46:12,csv,,,45,yes,Data_base,utf-8,
2169e17349,dados_iniciais/Informações Diária/2019_F3_Inf.Diario.csv,2019_F3_Inf.Diario.csv,.csv,0.079,2025-04-30T10:45:58,csv,,,45,yes,Data_base,utf-8,
07eb0a7424,dados_iniciais/Informações Diária/2020_F3_Inf.Diario.csv,2020_F3_Inf.Diario.csv,.csv,0.089,2025-04-30T10:46:24,csv,,,52,yes,Data_base,utf-8,
071f82c582,dados_iniciais/Informações Diária/2018_F5_Inf.Diario.csv,2018_F5_Inf.Diario.csv,.csv,0.082,2025-04-30T10:45:42,csv,,F5_Supervisorio,45,yes,Data_base,utf-8,
10efdbc82a,dados_iniciais/Informações Diária/2020_F4_Inf.Diario.csv,2020_F4_Inf.Diario.csv,.csv,0.082,2025-04-30T10:46:30,csv,,F4_Supervisorio,52,yes,Data_base,utf-8,
24a482307c,dados_iniciais/Informações Diária/2019_F5_Inf.Diario.csv,2019_F5_Inf.Diario.csv,.csv,0.079,2025-04-30T10:46:08,csv,,F5_Supervisorio,45,yes,Data_base,utf-8,
ab1daedc52,dados_iniciais/Informações Diária/2025_F2_Inf.Diario.csv,2025_F2_Inf.Diario.csv,.csv,0.026,2025-04-30T10:48:34,csv,,,45,yes,Data_base,utf-8,
78f4e00214,dados_iniciais/Informações Diária/2020_F5_Inf.Diario.csv,2020_F5_Inf.Diario.csv,.csv,0.084,2025-04-30T10:46:34,csv,,F5_Supervisorio,45,yes,Data_base,utf-8,
9f2d083533,dados_iniciais/Informações Diária/2018_F2_Inf.Diario.csv,2018_F2_Inf.Diario.csv,.csv,0.086,2025-04-30T10:45:26,csv,,,45,yes,Data_base,utf-8,
15a3c98d44,dados_iniciais/Informações Diária/2022_F3_Inf.Diario.csv,2022_F3_Inf.Diario.csv,.csv,0.078,2025-04-30T10:47:18,csv,,,52,yes,Data_base,utf-8,
a0d5eee2ad,dados_iniciais/Informações Diária/2025_F5_Inf.Diario.csv,2025_F5_Inf.Diario.csv,.csv,0.028,2025-04-30T10:48:52,csv,,F5_Supervisorio,45,yes,Data_base,utf-8,
a10c7d6eb9,dados_iniciais/Informações Diária/2023_F3_Inf.Diario.csv,2023_F3_Inf.Diario.csv,.csv,0.058,2025-04-30T10:47:42,csv,,,52,yes,Data_base,utf-8,
56a544ffcb,dados_iniciais/Informações Diária/2022_F2_Inf.Diario.csv,2022_F2_Inf.Diario.csv,.csv,0.081,2025-04-30T10:47:12,csv,,,45,yes,Data_base,utf-8,
fb29dbca08,dados_iniciais/Informações Diária/2024_F4_Inf.Diario.csv,2024_F4_Inf.Diario.csv,.csv,0.087,2025-04-30T10:48:20,csv,,F4_Supervisorio,52,yes,Data_base,utf-8,
57378bcd73,dados_iniciais/Informações Diária/2022_F5_Inf.Diario.csv,2022_F5_Inf.Diario.csv,.csv,0.089,2025-04-30T10:47:28,csv,,F5_Supervisorio,52,yes,Data_base,utf-8,
bd92b64da2,dados_iniciais/Informações Diária/2022_F4_Inf.Diario.csv,2022_F4_Inf.Diario.csv,.csv,0.085,2025-04-30T10:47:24,csv,,F4_Supervisorio,52,yes,Data_base,utf-8,
007d8af2bd,dados_iniciais/Informações Diária/2023_F4_Inf.Diario.csv,2023_F4_Inf.Diario.csv,.csv,0.087,2025-04-30T10:47:50,csv,,F4_Supervisorio,52,yes,Data_base,utf-8,
7286da67d6,dados_iniciais/Informações Diária/2024_F2_Inf.Diario.csv,2024_F2_Inf.Diario.csv,.csv,0.081,2025-04-30T10:48:06,csv,,,45,yes,Data_base,utf-8,
3d11cf9d4e,dados_iniciais/Informações Diária/2023_F5_Inf.Diario.csv,2023_F5_Inf.Diario.csv,.csv,0.087,2025-04-30T10:47:54,csv,,F5_Supervisorio,52,yes,Data_base,utf-8,
b8684b53b6,dados_iniciais/Informações Diária/2025_F4_Inf.Diario.csv,2025_F4_Inf.Diario.csv,.csv,0.027,2025-04-30T10:48:46,csv,,F4_Supervisorio,45,yes,Data_base,utf-8,
190411af91,dados_iniciais/Informações Diária/2024_F1_Inf.Diario.csv,2024_F1_Inf.Diario.csv,.csv,0.076,2025-04-30T10:48:00,csv,,,45,yes,Data_base,utf-8,
721d773fc7,dados_iniciais/Informações Diária/2023_F2_Inf.Diario.csv,2023_F2_Inf.Diario.csv,.csv,0.081,2025-04-30T10:47:38,csv,,,45,yes,Data_base,utf-8,
677dda713e,dados_iniciais/Informações Diária/2023_F1_Inf.Diario.csv,2023_F1_Inf.Diario.csv,.csv,0.082,2025-04-30T10:47:34,csv,,,45,yes,Data_base,utf-8,
0002fa56d0,dados_iniciais/Dicionário/Dic_Supervisorio F5 Hora.xlsx,Dic_Supervisorio F5 Hora.xlsx,.xlsx,0.065,2025-04-30T19:14:42,xlsx,F5,Supervisório,,,,,
bd4c6b292d,dados_iniciais/Dicionário/Dic_Consumo.xlsx,Dic_Consumo.xlsx,.xlsx,0.065,2025-04-30T14:03:48,xlsx,,Consumo,,,,,
fe46ce4492,dados_iniciais/Dicionário/Dic_Corrida.xlsx,Dic_Corrida.xlsx,.xlsx,0.066,2025-04-30T18:03:04,xlsx,,Corrida,,,,,
2740765702,dados_iniciais/Dicionário/Dic_Inf_Diário.xlsx,Dic_Inf_Diário.xlsx,.xlsx,0.068,2025-04-30T18:04:14,xlsx,,Dicionario_Dados,,,,,
b24a2e24a1,dados_iniciais/Dicionário/Dic_Supervisorio F5 Minuto.xlsx,Dic_Supervisorio F5 Minuto.xlsx,.xlsx,0.065,2025-04-30T19:03:02,xlsx,F5,Supervisório,,,,,
e476e9faae,dados_iniciais/Dicionário/Dic_Supervisorio F4.xlsx,Dic_Supervisorio F4.xlsx,.xlsx,0.223,2025-01-14T19:24:38,xlsx,F4,Supervisório,,,,,
724cb468c6,dados_iniciais/Dicionário/Dic_eletrodo.xlsx,Dic_eletrodo.xlsx,.xlsx,0.064,2025-04-30T16:25:34,xlsx,,Comprimento_Eletrodo,,,,,
cb131b65a7,dados_iniciais/Supervisorio Forno 5/Supervisor_F5 Hora.csv,Supervisor_F5 Hora.csv,.csv,4.91,2025-04-30T18:46:14,csv,F5,Supervisório,28,yes,Data,utf-8,
a60c8c32e9,dados_iniciais/Supervisorio Forno 5/Supervisorio_F5_Minuto.csv,Supervisorio_F5_Minuto.csv,.csv,41.47,2025-04-30T18:13:24,csv,F5,Supervisório,23,yes,Data,utf-8,
b492b5cfd5,dados_iniciais/Eletrodo/Medição Eletrodo.csv,Medição Eletrodo.csv,.csv,0.02,2025-04-30T16:24:12,csv,,Comprimento_Eletrodo,5,yes,Data medição,latin1,
198dd1a328,dados_iniciais/Supervisorio Forno 4/F4_2024_1S.csv,F4_2024_1S.csv,.csv,505.725,2025-01-14T18:40:58,csv,F4,Supervisório,1,uncertain,"Timestamp,""localhost.Forno 04 e 05.CMF4_PAC4200_FP_R"",""localhost.Forno 04 e 05.CMF4_PAC4200_FP_S"",""localhost.Forno 04 e 05.CMF4_PAC4200_FP_T"",""localhost.Forno 04 e 05.CMF4_PAC4200_FP_TOTAL"",""localhost.Forno 04 e 05.CMF4_PAC4200_I_R"",""localhost.Forno 04 e 05.CMF4_PAC4200_I_S"",""localhost.Forno 04 e 05.CMF4_PAC4200_I_T"",""localhost.Forno 04 e 05.CMF4_PAC4200_KWH"",""localhost.Forno 04 e 05.CMF4_PAC4200_P_ATIVA_TOTAL"",""localhost.Forno 04 e 05.CMF4_PAC4200_P_REATIVA_TOTAL"",""localhost.Forno 04 e 05.CMF4_PAC4200_V_RS"",""localhost.Forno 04 e 05.CMF4_PAC4200_V_ST"",""localhost.Forno 04 e 05.CMF4_PAC4200_V_TR"",""localhost.Forno 04 e 05.CTE_F4_ROP_R"",""localhost.Forno 04 e 05.CTE_F4_ROP_S"",""localhost.Forno 04 e 05.CTE_F4_ROP_T"",""localhost.Forno 04 e 05.Desliz_ACC_E1_F4"",""localhost.Forno 04 e 05.Desliz_ACC_E2_F4"",""localhost.Forno 04 e 05.Desliz_ACC_E3_F4"",""localhost.Forno 04 e 05.FORNO_03_DESLIGADO"",""localhost.Forno 04 e 05.FORNO_03_LIGADO"",""localhost.Forno 04 e 05.FT-4001"",""localhost.Forno 04 e 05.HST_VOC_5102"",""localhost.Forno 04 e 05.MRR_CMF4_KHW_VAZAMENTO"",""localhost.Forno 04 e 05.MRR_CMF4_POT_APAR_TOTAL"",""localhost.Forno 04 e 05.PTR4_COR_SEC_R"",""localhost.Forno 04 e 05.PTR4_COR_SEC_S"",""localhost.Forno 04 e 05.PTR4_COR_SEC_T"",""localhost.Forno 04 e 05.PTR-4001R-ET"",""localhost.Forno 04 e 05.PTR-4001S-ET"",""localhost.Forno 04 e 05.PTR-4001T-ET"",""localhost.Forno 04 e 05.TRF-4001-TT01"",""localhost.Forno 04 e 05.TRF-4001-TT02"",""localhost.Forno 04 e 05.TT-4101"",""localhost.Forno 04 e 05.TT-4103"",""localhost.Forno 04 e 05.TT-4201"",""localhost.Forno 04 e 05.TT-4203"",""localhost.Forno 04 e 05.TT-4301"",""localhost.Forno 04 e 05.TT-4303"",""localhost.Forno 04 e 05.TT-4401"",""localhost.Forno 04 e 05.TT-4402"",""localhost.Forno 04 e 05.VALOR_UN1_PV1_F4"",""localhost.Forno 04 e 05.VALOR_UN1_PV2_F4"",""localhost.Forno 04 e 05.VALOR_UN1_PV3_F4"",""localhost.Forno 04 e 05.VALOR_UN1_PV4_F4"",""localhost.Forno 04 e 05.VALOR_UN1_PV5_F4"",""localhost.Forno 04 e 05.VALOR_UN1_PV6_F4"",""localhost.Forno 04 e 05.VALOR_UN1_PV7_F4"",""localhost.Forno 04 e 05.VALOR_UN1_PV8_F4"",""localhost.Forno 04 e 05.VALOR_UN1_PV9_F4"",""localhost.Forno 04 e 05.VALOR_UN1_PV10_F4"",""localhost.Forno 04 e 05.VALOR_UN1_PV11_F4"",""localhost.Forno 04 e 05.VALOR_UN1_PV12_F4"",""localhost.Forno 04 e 05.VALOR_UN1_PV13_F4"",""localhost.Forno 04 e 05.VALOR_UN1_PV14_F4"",""localhost.Forno 04 e 05.VALOR_UN1_PV15_F4"",""localhost.Forno 04 e 05.VALOR_UN1_PV16_F4"",""localhost.Forno 04 e 05.VALOR_UN1_PV17_F4"",""localhost.Forno 04 e 05.VALOR_UN1_PV18_F4"",""localhost.Forno 04 e 05.VALOR_UN1_PV19_F4"",""localhost.Forno 04 e 05.VALOR_UN1_PV20_F4"",""localhost.Forno 04 e 05.VALOR_UN1_PV21_F4"",""localhost.Forno 04 e 05.VALOR_UN1_PV22_F4"",""localhost.Forno 04 e 05.VALOR_UN1_PV23_F4"",""localhost.Forno 04 e 05.VALOR_UN1_PV24_F4"",""localhost.Forno 04 e 05.VALOR_UN1_PV25_F4"",""localhost.Forno 04 e 05.VALOR_UN1_PV26_F4"",""localhost.Forno 04 e 05.VALOR_UN1_PV27_F4"",""localhost.Forno 04 e 05.VALOR_UN1_PV28_F4"",""localhost.Forno 04 e 05.VALOR_UN1_PV29_F4"",""localhost.Forno 04 e 05.VALOR_UN1_PV30_F4"",""localhost.Forno 04 e 05.VALOR_UN1_PV31_F4"",""localhost.Forno 04 e 05.VALOR_UN1_PV32_F4"",""localhost.Forno 04 e 05.VALOR_UN1_PV33_F4"",""localhost.Forno 04 e 05.VALOR_UN1_PV34_F4"",""localhost.Forno 04 e 05.VALOR_UN1_PV35_F4"",""localhost.Forno 04 e 05.VALOR_UN1_PV36_F4"",""localhost.Forno 04 e 05.VALOR_UN1_PV37_F4"",""localhost.Forno 04 e 05.VALOR_UN1_PV38_F4"",""localhost.Forno 04 e 05.VALOR_UN1_PV39_F4"",""localhost.Forno 04 e 05.VALOR_UN1_PV40_F4"",""localhost.Forno 04 e 05.VALOR_UN1_PV41_F4"",""localhost.Forno 04 e 05.VALOR_UN1_PV42_F4"",""localhost.Forno 04 e 05.VALOR_UN1_PV43_F4"",""localhost.Forno 04 e 05.VALOR_UN1_PV44_F4"",""localhost.Forno 04 e 05.VALOR_UN1_PV45_F4"",""localhost.Forno 04 e 05.VALOR_UN1_PV46_F4"",""localhost.Forno 04 e 05.VALOR_UN1_PV47_F4"",""localhost.Forno 04 e 05.VALOR_UN1_PV48_F4"",""localhost.Forno 04 e 05.VALOR_UN1_PV49_F4"",""localhost.Forno 04 e 05.VALOR_UN1_PV50_F4"",""localhost.Forno 04 e 05.VALOR_UN1_PV51_F4"",""localhost.Forno 04 e 05.VALOR_UN1_PV52_F4"",""localhost.Forno 04 e 05.VALOR_UN1_PV53_F4"",""localhost.Forno 04 e 05.VALOR_UN1_PV54_F4"",""localhost.Forno 04 e 05.VALOR_UN1_PV55_F4"",""localhost.Forno 04 e 05.VALOR_UN1_PV56_F4"",""localhost.Forno 04 e 05.VALOR_UN1_PV57_F4"",""localhost.Forno 04 e 05.VALOR_UN1_PV58_F4"",""localhost.Forno 04 e 05.VALOR_UN1_PV59_F4"",""localhost.Forno 04 e 05.VALOR_UN1_PV60_F4"",""localhost.Forno 04 e 05.VALOR_UN1_PV61_F4"",""localhost.Forno 04 e 05.VALOR_UN2_PV1_F4"",""localhost.Forno 04 e 05.VALOR_UN2_PV2_F4"",""localhost.Forno 04 e 05.VALOR_UN2_PV3_F4"",""localhost.Forno 04 e 05.VALOR_UN2_PV4_F4"",""localhost.Forno 04 e 05.VALOR_UN2_PV5_F4"",""localhost.Forno 04 e 05.VALOR_UN2_PV6_F4"",""localhost.Forno 04 e 05.VALOR_UN2_PV7_F4"",""localhost.Forno 04 e 05.VALOR_UN2_PV8_F4"",""localhost.Forno 04 e 05.VALOR_UN2_PV9_F4"",""localhost.Forno 04 e 05.VALOR_UN2_PV10_F4"",""localhost.Forno 04 e 05.VALOR_UN2_PV11_F4"",""localhost.Forno 04 e 05.VALOR_UN2_PV12_F4"",""localhost.Forno 04 e 05.VALOR_UN2_PV13_F4"",""localhost.Forno 04 e 05.VALOR_UN2_PV14_F4"",""localhost.Forno 04 e 05.VALOR_UN2_PV15_F4"",""localhost.Forno 04 e 05.VALOR_UN2_PV16_F4"",""localhost.Forno 04 e 05.VALOR_UN2_PV17_F4"",""localhost.Forno 04 e 05.VALOR_UN2_PV18_F4"",""localhost.Forno 04 e 05.VALOR_UN2_PV19_F4"",""localhost.Forno 04 e 05.VALOR_UN2_PV20_F4"",""localhost.Forno 04 e 05.VALOR_UN2_PV21_F4"",""localhost.Forno 04 e 05.VALOR_UN2_PV22_F4"",""localhost.Forno 04 e 05.VALOR_UN2_PV23_F4"",""localhost.Forno 04 e 05.VALOR_UN2_PV24_F4"",""localhost.Forno 04 e 05.VALOR_UN2_PV25_F4"",""localhost.Forno 04 e 05.VALOR_UN2_PV26_F4"",""localhost.Forno 04 e 05.VALOR_UN2_PV27_F4"",""localhost.Forno 04 e 05.VALOR_UN2_PV28_F4"",""localhost.Forno 04 e 05.VALOR_UN2_PV29_F4"",""localhost.Forno 04 e 05.VALOR_UN2_PV30_F4"",""localhost.Forno 04 e 05.VALOR_UN2_PV31_F4"",""localhost.Forno 04 e 05.VALOR_UN2_PV32_F4"",""localhost.Forno 04 e 05.VALOR_UN2_PV33_F4"",""localhost.Forno 04 e 05.VALOR_UN2_PV34_F4"",""localhost.Forno 04 e 05.VALOR_UN2_PV35_F4"",""localhost.Forno 04 e 05.VALOR_UN2_PV36_F4"",""localhost.Forno 04 e 05.VALOR_UN2_PV37_F4"",""localhost.Forno 04 e 05.VALOR_UN2_PV38_F4"",""localhost.Forno 04 e 05.VALOR_UN2_PV39_F4"",""localhost.Forno 04 e 05.VALOR_UN2_PV40_F4"",""localhost.Forno 04 e 05.VALOR_UN2_PV41_F4"",""localhost.Forno 04 e 05.VALOR_UN2_PV42_F4"",""localhost.Forno 04 e 05.VALOR_UN2_PV43_F4"",""localhost.Forno 04 e 05.VALOR_UN2_PV44_F4"",""localhost.Forno 04 e 05.VALOR_UN2_PV45_F4"",""localhost.Forno 04 e 05.VALOR_UN2_PV46_F4"",""localhost.Forno 04 e 05.VALOR_UN2_PV47_F4"",""localhost.Forno 04 e 05.VALOR_UN2_PV48_F4"",""localhost.Forno 04 e 05.VALOR_UN2_PV49_F4"",""localhost.Forno 04 e 05.VALOR_UN2_PV50_F4"",""localhost.Forno 04 e 05.VALOR_UN2_PV51_F4"",""localhost.Forno 04 e 05.VALOR_UN2_PV52_F4"",""localhost.Forno 04 e 05.VALOR_UN2_PV53_F4"",""localhost.Forno 04 e 05.VALOR_UN2_PV54_F4"",""localhost.Forno 04 e 05.VALOR_UN2_PV55_F4"",""localhost.Forno 04 e 05.VALOR_UN2_PV56_F4"",""localhost.Forno 04 e 05.VALOR_UN2_PV57_F4"",""localhost.Forno 04 e 05.VALOR_UN2_PV58_F4"",""localhost.Forno 04 e 05.VALOR_UN2_PV59_F4"",""localhost.Forno 04 e 05.VALOR_UN2_PV60_F4"",""localhost.Forno 04 e 05.VALOR_UN2_PV61_F4"",""localhost.Forno 04 e 05.VALOR_UN3_PV1_F4"",""localhost.Forno 04 e 05.VALOR_UN3_PV2_F4"",""localhost.Forno 04 e 05.VALOR_UN3_PV3_F4"",""localhost.Forno 04 e 05.VALOR_UN3_PV4_F4"",""localhost.Forno 04 e 05.VALOR_UN3_PV5_F4"",""localhost.Forno 04 e 05.VALOR_UN3_PV6_F4"",""localhost.Forno 04 e 05.VALOR_UN3_PV7_F4"",""localhost.Forno 04 e 05.VALOR_UN3_PV8_F4"",""localhost.Forno 04 e 05.VALOR_UN3_PV9_F4"",""localhost.Forno 04 e 05.VALOR_UN3_PV10_F4"",""localhost.Forno 04 e 05.VALOR_UN3_PV11_F4"",""localhost.Forno 04 e 05.VALOR_UN3_PV12_F4"",""localhost.Forno 04 e 05.VALOR_UN3_PV13_F4"",""localhost.Forno 04 e 05.VALOR_UN3_PV14_F4"",""localhost.Forno 04 e 05.VALOR_UN3_PV15_F4"",""localhost.Forno 04 e 05.VALOR_UN3_PV16_F4"",""localhost.Forno 04 e 05.VALOR_UN3_PV17_F4"",""localhost.Forno 04 e 05.VALOR_UN3_PV18_F4"",""localhost.Forno 04 e 05.VALOR_UN3_PV19_F4"",""localhost.Forno 04 e 05.VALOR_UN3_PV20_F4"",""localhost.Forno 04 e 05.VALOR_UN3_PV21_F4"",""localhost.Forno 04 e 05.VALOR_UN3_PV22_F4"",""localhost.Forno 04 e 05.VALOR_UN3_PV23_F4"",""localhost.Forno 04 e 05.VALOR_UN3_PV24_F4"",""localhost.Forno 04 e 05.VALOR_UN3_PV25_F4"",""localhost.Forno 04 e 05.VALOR_UN3_PV26_F4"",""localhost.Forno 04 e 05.VALOR_UN3_PV27_F4"",""localhost.Forno 04 e 05.VALOR_UN3_PV28_F4"",""localhost.Forno 04 e 05.VALOR_UN3_PV29_F4"",""localhost.Forno 04 e 05.VALOR_UN3_PV30_F4"",""localhost.Forno 04 e 05.VALOR_UN3_PV31_F4"",""localhost.Forno 04 e 05.VALOR_UN3_PV32_F4"",""localhost.Forno 04 e 05.VALOR_UN3_PV33_F4"",""localhost.Forno 04 e 05.VALOR_UN3_PV34_F4"",""localhost.Forno 04 e 05.VALOR_UN3_PV35_F4"",""localhost.Forno 04 e 05.VALOR_UN3_PV36_F4"",""localhost.Forno 04 e 05.VALOR_UN3_PV37_F4"",""localhost.Forno 04 e 05.VALOR_UN3_PV38_F4"",""localhost.Forno 04 e 05.VALOR_UN3_PV39_F4"",""localhost.Forno 04 e 05.VALOR_UN3_PV40_F4"",""localhost.Forno 04 e 05.VALOR_UN3_PV41_F4"",""localhost.Forno 04 e 05.VALOR_UN3_PV42_F4"",""localhost.Forno 04 e 05.VALOR_UN3_PV43_F4"",""localhost.Forno 04 e 05.VALOR_UN3_PV44_F4"",""localhost.Forno 04 e 05.VALOR_UN3_PV45_F4"",""localhost.Forno 04 e 05.VALOR_UN3_PV46_F4"",""localhost.Forno 04 e 05.VALOR_UN3_PV47_F4"",""localhost.Forno 04 e 05.VALOR_UN3_PV48_F4"",""localhost.Forno 04 e 05.VALOR_UN3_PV49_F4"",""localhost.Forno 04 e 05.VALOR_UN3_PV50_F4"",""localhost.Forno 04 e 05.VALOR_UN3_PV51_F4"",""localhost.Forno 04 e 05.VALOR_UN3_PV52_F4"",""localhost.Forno 04 e 05.VALOR_UN3_PV53_F4"",""localhost.Forno 04 e 05.VALOR_UN3_PV54_F4"",""localhost.Forno 04 e 05.VALOR_UN3_PV55_F4"",""localhost.Forno 04 e 05.VALOR_UN3_PV56_F4"",""localhost.Forno 04 e 05.VALOR_UN3_PV57_F4"",""localhost.Forno 04 e 05.VALOR_UN3_PV58_F4"",""localhost.Forno 04 e 05.VALOR_UN3_PV59_F4"",""localhost.Forno 04 e 05.VALOR_UN3_PV60_F4"",""localhost.Forno 04 e 05.VALOR_UN3_PV61_F4"",""localhost.Forno 04 e 05.ZT-4101"",""localhost.Forno 04 e 05.ZT-4201"",""localhost.Forno 04 e 05.ZT-4301""",utf-8,
7cef2f7fa2,dados_iniciais/Supervisorio Forno 4/F4_2024_2S.csv,F4_2024_2S.csv,.csv,366.602,2025-01-14T19:45:12,csv,F4,Supervisório,1,uncertain,"Timestamp,""localhost.Forno 04 e 05.CMF4_PAC4200_FP_R"",""localhost.Forno 04 e 05.CMF4_PAC4200_FP_S"",""localhost.Forno 04 e 05.CMF4_PAC4200_FP_T"",""localhost.Forno 04 e 05.CMF4_PAC4200_FP_TOTAL"",""localhost.Forno 04 e 05.CMF4_PAC4200_I_R"",""localhost.Forno 04 e 05.CMF4_PAC4200_I_S"",""localhost.Forno 04 e 05.CMF4_PAC4200_I_T"",""localhost.Forno 04 e 05.CMF4_PAC4200_KWH"",""localhost.Forno 04 e 05.CMF4_PAC4200_P_ATIVA_TOTAL"",""localhost.Forno 04 e 05.CMF4_PAC4200_P_REATIVA_TOTAL"",""localhost.Forno 04 e 05.CMF4_PAC4200_V_RS"",""localhost.Forno 04 e 05.CMF4_PAC4200_V_ST"",""localhost.Forno 04 e 05.CMF4_PAC4200_V_TR"",""localhost.Forno 04 e 05.CTE_F4_ROP_R"",""localhost.Forno 04 e 05.CTE_F4_ROP_S"",""localhost.Forno 04 e 05.CTE_F4_ROP_T"",""localhost.Forno 04 e 05.Desliz_ACC_E1_F4"",""localhost.Forno 04 e 05.Desliz_ACC_E2_F4"",""localhost.Forno 04 e 05.Desliz_ACC_E3_F4"",""localhost.Forno 04 e 05.FORNO_03_DESLIGADO"",""localhost.Forno 04 e 05.FORNO_03_LIGADO"",""localhost.Forno 04 e 05.FT-4001"",""localhost.Forno 04 e 05.HST_VOC_5102"",""localhost.Forno 04 e 05.MRR_CMF4_KHW_VAZAMENTO"",""localhost.Forno 04 e 05.MRR_CMF4_POT_APAR_TOTAL"",""localhost.Forno 04 e 05.PTR4_COR_SEC_R"",""localhost.Forno 04 e 05.PTR4_COR_SEC_S"",""localhost.Forno 04 e 05.PTR4_COR_SEC_T"",""localhost.Forno 04 e 05.PTR-4001R-ET"",""localhost.Forno 04 e 05.PTR-4001S-ET"",""localhost.Forno 04 e 05.PTR-4001T-ET"",""localhost.Forno 04 e 05.TRF-4001-TT01"",""localhost.Forno 04 e 05.TRF-4001-TT02"",""localhost.Forno 04 e 05.TT-4101"",""localhost.Forno 04 e 05.TT-4103"",""localhost.Forno 04 e 05.TT-4201"",""localhost.Forno 04 e 05.TT-4203"",""localhost.Forno 04 e 05.TT-4301"",""localhost.Forno 04 e 05.TT-4303"",""localhost.Forno 04 e 05.TT-4401"",""localhost.Forno 04 e 05.TT-4402"",""localhost.Forno 04 e 05.VALOR_UN1_PV1_F4"",""localhost.Forno 04 e 05.VALOR_UN1_PV2_F4"",""localhost.Forno 04 e 05.VALOR_UN1_PV3_F4"",""localhost.Forno 04 e 05.VALOR_UN1_PV4_F4"",""localhost.Forno 04 e 05.VALOR_UN1_PV5_F4"",""localhost.Forno 04 e 05.VALOR_UN1_PV6_F4"",""localhost.Forno 04 e 05.VALOR_UN1_PV7_F4"",""localhost.Forno 04 e 05.VALOR_UN1_PV8_F4"",""localhost.Forno 04 e 05.VALOR_UN1_PV9_F4"",""localhost.Forno 04 e 05.VALOR_UN1_PV10_F4"",""localhost.Forno 04 e 05.VALOR_UN1_PV11_F4"",""localhost.Forno 04 e 05.VALOR_UN1_PV12_F4"",""localhost.Forno 04 e 05.VALOR_UN1_PV13_F4"",""localhost.Forno 04 e 05.VALOR_UN1_PV14_F4"",""localhost.Forno 04 e 05.VALOR_UN1_PV15_F4"",""localhost.Forno 04 e 05.VALOR_UN1_PV16_F4"",""localhost.Forno 04 e 05.VALOR_UN1_PV17_F4"",""localhost.Forno 04 e 05.VALOR_UN1_PV18_F4"",""localhost.Forno 04 e 05.VALOR_UN1_PV19_F4"",""localhost.Forno 04 e 05.VALOR_UN1_PV20_F4"",""localhost.Forno 04 e 05.VALOR_UN1_PV21_F4"",""localhost.Forno 04 e 05.VALOR_UN1_PV22_F4"",""localhost.Forno 04 e 05.VALOR_UN1_PV23_F4"",""localhost.Forno 04 e 05.VALOR_UN1_PV24_F4"",""localhost.Forno 04 e 05.VALOR_UN1_PV25_F4"",""localhost.Forno 04 e 05.VALOR_UN1_PV26_F4"",""localhost.Forno 04 e 05.VALOR_UN1_PV27_F4"",""localhost.Forno 04 e 05.VALOR_UN1_PV28_F4"",""localhost.Forno 04 e 05.VALOR_UN1_PV29_F4"",""localhost.Forno 04 e 05.VALOR_UN1_PV30_F4"",""localhost.Forno 04 e 05.VALOR_UN1_PV31_F4"",""localhost.Forno 04 e 05.VALOR_UN1_PV32_F4"",""localhost.Forno 04 e 05.VALOR_UN1_PV33_F4"",""localhost.Forno 04 e 05.VALOR_UN1_PV34_F4"",""localhost.Forno 04 e 05.VALOR_UN1_PV35_F4"",""localhost.Forno 04 e 05.VALOR_UN1_PV36_F4"",""localhost.Forno 04 e 05.VALOR_UN1_PV37_F4"",""localhost.Forno 04 e 05.VALOR_UN1_PV38_F4"",""localhost.Forno 04 e 05.VALOR_UN1_PV39_F4"",""localhost.Forno 04 e 05.VALOR_UN1_PV40_F4"",""localhost.Forno 04 e 05.VALOR_UN1_PV41_F4"",""localhost.Forno 04 e 05.VALOR_UN1_PV42_F4"",""localhost.Forno 04 e 05.VALOR_UN1_PV43_F4"",""localhost.Forno 04 e 05.VALOR_UN1_PV44_F4"",""localhost.Forno 04 e 05.VALOR_UN1_PV45_F4"",""localhost.Forno 04 e 05.VALOR_UN1_PV46_F4"",""localhost.Forno 04 e 05.VALOR_UN1_PV47_F4"",""localhost.Forno 04 e 05.VALOR_UN1_PV48_F4"",""localhost.Forno 04 e 05.VALOR_UN1_PV49_F4"",""localhost.Forno 04 e 05.VALOR_UN1_PV50_F4"",""localhost.Forno 04 e 05.VALOR_UN1_PV51_F4"",""localhost.Forno 04 e 05.VALOR_UN1_PV52_F4"",""localhost.Forno 04 e 05.VALOR_UN1_PV53_F4"",""localhost.Forno 04 e 05.VALOR_UN1_PV54_F4"",""localhost.Forno 04 e 05.VALOR_UN1_PV55_F4"",""localhost.Forno 04 e 05.VALOR_UN1_PV56_F4"",""localhost.Forno 04 e 05.VALOR_UN1_PV57_F4"",""localhost.Forno 04 e 05.VALOR_UN1_PV58_F4"",""localhost.Forno 04 e 05.VALOR_UN1_PV59_F4"",""localhost.Forno 04 e 05.VALOR_UN1_PV60_F4"",""localhost.Forno 04 e 05.VALOR_UN1_PV61_F4"",""localhost.Forno 04 e 05.VALOR_UN2_PV1_F4"",""localhost.Forno 04 e 05.VALOR_UN2_PV2_F4"",""localhost.Forno 04 e 05.VALOR_UN2_PV3_F4"",""localhost.Forno 04 e 05.VALOR_UN2_PV4_F4"",""localhost.Forno 04 e 05.VALOR_UN2_PV5_F4"",""localhost.Forno 04 e 05.VALOR_UN2_PV6_F4"",""localhost.Forno 04 e 05.VALOR_UN2_PV7_F4"",""localhost.Forno 04 e 05.VALOR_UN2_PV8_F4"",""localhost.Forno 04 e 05.VALOR_UN2_PV9_F4"",""localhost.Forno 04 e 05.VALOR_UN2_PV10_F4"",""localhost.Forno 04 e 05.VALOR_UN2_PV11_F4"",""localhost.Forno 04 e 05.VALOR_UN2_PV12_F4"",""localhost.Forno 04 e 05.VALOR_UN2_PV13_F4"",""localhost.Forno 04 e 05.VALOR_UN2_PV14_F4"",""localhost.Forno 04 e 05.VALOR_UN2_PV15_F4"",""localhost.Forno 04 e 05.VALOR_UN2_PV16_F4"",""localhost.Forno 04 e 05.VALOR_UN2_PV17_F4"",""localhost.Forno 04 e 05.VALOR_UN2_PV18_F4"",""localhost.Forno 04 e 05.VALOR_UN2_PV19_F4"",""localhost.Forno 04 e 05.VALOR_UN2_PV20_F4"",""localhost.Forno 04 e 05.VALOR_UN2_PV21_F4"",""localhost.Forno 04 e 05.VALOR_UN2_PV22_F4"",""localhost.Forno 04 e 05.VALOR_UN2_PV23_F4"",""localhost.Forno 04 e 05.VALOR_UN2_PV24_F4"",""localhost.Forno 04 e 05.VALOR_UN2_PV25_F4"",""localhost.Forno 04 e 05.VALOR_UN2_PV26_F4"",""localhost.Forno 04 e 05.VALOR_UN2_PV27_F4"",""localhost.Forno 04 e 05.VALOR_UN2_PV28_F4"",""localhost.Forno 04 e 05.VALOR_UN2_PV29_F4"",""localhost.Forno 04 e 05.VALOR_UN2_PV30_F4"",""localhost.Forno 04 e 05.VALOR_UN2_PV31_F4"",""localhost.Forno 04 e 05.VALOR_UN2_PV32_F4"",""localhost.Forno 04 e 05.VALOR_UN2_PV33_F4"",""localhost.Forno 04 e 05.VALOR_UN2_PV34_F4"",""localhost.Forno 04 e 05.VALOR_UN2_PV35_F4"",""localhost.Forno 04 e 05.VALOR_UN2_PV36_F4"",""localhost.Forno 04 e 05.VALOR_UN2_PV37_F4"",""localhost.Forno 04 e 05.VALOR_UN2_PV38_F4"",""localhost.Forno 04 e 05.VALOR_UN2_PV39_F4"",""localhost.Forno 04 e 05.VALOR_UN2_PV40_F4"",""localhost.Forno 04 e 05.VALOR_UN2_PV41_F4"",""localhost.Forno 04 e 05.VALOR_UN2_PV42_F4"",""localhost.Forno 04 e 05.VALOR_UN2_PV43_F4"",""localhost.Forno 04 e 05.VALOR_UN2_PV44_F4"",""localhost.Forno 04 e 05.VALOR_UN2_PV45_F4"",""localhost.Forno 04 e 05.VALOR_UN2_PV46_F4"",""localhost.Forno 04 e 05.VALOR_UN2_PV47_F4"",""localhost.Forno 04 e 05.VALOR_UN2_PV48_F4"",""localhost.Forno 04 e 05.VALOR_UN2_PV49_F4"",""localhost.Forno 04 e 05.VALOR_UN2_PV50_F4"",""localhost.Forno 04 e 05.VALOR_UN2_PV51_F4"",""localhost.Forno 04 e 05.VALOR_UN2_PV52_F4"",""localhost.Forno 04 e 05.VALOR_UN2_PV53_F4"",""localhost.Forno 04 e 05.VALOR_UN2_PV54_F4"",""localhost.Forno 04 e 05.VALOR_UN2_PV55_F4"",""localhost.Forno 04 e 05.VALOR_UN2_PV56_F4"",""localhost.Forno 04 e 05.VALOR_UN2_PV57_F4"",""localhost.Forno 04 e 05.VALOR_UN2_PV58_F4"",""localhost.Forno 04 e 05.VALOR_UN2_PV59_F4"",""localhost.Forno 04 e 05.VALOR_UN2_PV60_F4"",""localhost.Forno 04 e 05.VALOR_UN2_PV61_F4"",""localhost.Forno 04 e 05.VALOR_UN3_PV1_F4"",""localhost.Forno 04 e 05.VALOR_UN3_PV2_F4"",""localhost.Forno 04 e 05.VALOR_UN3_PV3_F4"",""localhost.Forno 04 e 05.VALOR_UN3_PV4_F4"",""localhost.Forno 04 e 05.VALOR_UN3_PV5_F4"",""localhost.Forno 04 e 05.VALOR_UN3_PV6_F4"",""localhost.Forno 04 e 05.VALOR_UN3_PV7_F4"",""localhost.Forno 04 e 05.VALOR_UN3_PV8_F4"",""localhost.Forno 04 e 05.VALOR_UN3_PV9_F4"",""localhost.Forno 04 e 05.VALOR_UN3_PV10_F4"",""localhost.Forno 04 e 05.VALOR_UN3_PV11_F4"",""localhost.Forno 04 e 05.VALOR_UN3_PV12_F4"",""localhost.Forno 04 e 05.VALOR_UN3_PV13_F4"",""localhost.Forno 04 e 05.VALOR_UN3_PV14_F4"",""localhost.Forno 04 e 05.VALOR_UN3_PV15_F4"",""localhost.Forno 04 e 05.VALOR_UN3_PV16_F4"",""localhost.Forno 04 e 05.VALOR_UN3_PV17_F4"",""localhost.Forno 04 e 05.VALOR_UN3_PV18_F4"",""localhost.Forno 04 e 05.VALOR_UN3_PV19_F4"",""localhost.Forno 04 e 05.VALOR_UN3_PV20_F4"",""localhost.Forno 04 e 05.VALOR_UN3_PV21_F4"",""localhost.Forno 04 e 05.VALOR_UN3_PV22_F4"",""localhost.Forno 04 e 05.VALOR_UN3_PV23_F4"",""localhost.Forno 04 e 05.VALOR_UN3_PV24_F4"",""localhost.Forno 04 e 05.VALOR_UN3_PV25_F4"",""localhost.Forno 04 e 05.VALOR_UN3_PV26_F4"",""localhost.Forno 04 e 05.VALOR_UN3_PV27_F4"",""localhost.Forno 04 e 05.VALOR_UN3_PV28_F4"",""localhost.Forno 04 e 05.VALOR_UN3_PV29_F4"",""localhost.Forno 04 e 05.VALOR_UN3_PV30_F4"",""localhost.Forno 04 e 05.VALOR_UN3_PV31_F4"",""localhost.Forno 04 e 05.VALOR_UN3_PV32_F4"",""localhost.Forno 04 e 05.VALOR_UN3_PV33_F4"",""localhost.Forno 04 e 05.VALOR_UN3_PV34_F4"",""localhost.Forno 04 e 05.VALOR_UN3_PV35_F4"",""localhost.Forno 04 e 05.VALOR_UN3_PV36_F4"",""localhost.Forno 04 e 05.VALOR_UN3_PV37_F4"",""localhost.Forno 04 e 05.VALOR_UN3_PV38_F4"",""localhost.Forno 04 e 05.VALOR_UN3_PV39_F4"",""localhost.Forno 04 e 05.VALOR_UN3_PV40_F4"",""localhost.Forno 04 e 05.VALOR_UN3_PV41_F4"",""localhost.Forno 04 e 05.VALOR_UN3_PV42_F4"",""localhost.Forno 04 e 05.VALOR_UN3_PV43_F4"",""localhost.Forno 04 e 05.VALOR_UN3_PV44_F4"",""localhost.Forno 04 e 05.VALOR_UN3_PV45_F4"",""localhost.Forno 04 e 05.VALOR_UN3_PV46_F4"",""localhost.Forno 04 e 05.VALOR_UN3_PV47_F4"",""localhost.Forno 04 e 05.VALOR_UN3_PV48_F4"",""localhost.Forno 04 e 05.VALOR_UN3_PV49_F4"",""localhost.Forno 04 e 05.VALOR_UN3_PV50_F4"",""localhost.Forno 04 e 05.VALOR_UN3_PV51_F4"",""localhost.Forno 04 e 05.VALOR_UN3_PV52_F4"",""localhost.Forno 04 e 05.VALOR_UN3_PV53_F4"",""localhost.Forno 04 e 05.VALOR_UN3_PV54_F4"",""localhost.Forno 04 e 05.VALOR_UN3_PV55_F4"",""localhost.Forno 04 e 05.VALOR_UN3_PV56_F4"",""localhost.Forno 04 e 05.VALOR_UN3_PV57_F4"",""localhost.Forno 04 e 05.VALOR_UN3_PV58_F4"",""localhost.Forno 04 e 05.VALOR_UN3_PV59_F4"",""localhost.Forno 04 e 05.VALOR_UN3_PV60_F4"",""localhost.Forno 04 e 05.VALOR_UN3_PV61_F4"",""localhost.Forno 04 e 05.ZT-4101"",""localhost.Forno 04 e 05.ZT-4201"",""localhost.Forno 04 e 05.ZT-4301""",utf-8,
